company,employees,trade,naics,authority,state,city,address,zip,penalty,citations,violation_types,issued,activity_nr,osha_url
AGUIRRES ROOFING LLC,6,Roofing,238160,Federal OSHA,TX,HUMBLE,610 NORTH HOUSTON AVE,77338,14754.0,5,Serious/Other,2026-07-20T00:00:00,348736489,https://www.osha.gov/ords/imis/establishment.inspection_detail?id=348736489
JOSE GARCIA,3,Roofing,238160,Federal OSHA,TX,WEBSTER,18027 DISCOVERY ELM ST,77598,6242.0,2,Serious,2026-07-13T00:00:00,349006312,https://www.osha.gov/ords/imis/establishment.inspection_detail?id=349006312
JUAN LOPEZ,4,Roofing,238160,Federal OSHA,TX,WEBSTER,2954 MELLOW PINES LN,77598,2838.0,1,Serious,2026-07-13T00:00:00,349006239,https://www.osha.gov/ords/imis/establishment.inspection_detail?id=349006239
ROMERO MAURO GARCIA,4,Roofing,238160,Federal OSHA,TX,CYPRESS,20054 SUNSET SERENADE,77433,5676.0,2,Serious,2026-07-09T00:00:00,348853235,https://www.osha.gov/ords/imis/establishment.inspection_detail?id=348853235
RODRIGO FLORES,1,Roofing,238160,Federal OSHA,TX,CYPRESS,11402 RUFFER TREE CT.,77433,5108.0,1,Repeat,2026-06-23T00:00:00,348853128,https://www.osha.gov/ords/imis/establishment.inspection_detail?id=348853128
RODRIGO FLORES,1,Roofing,238160,Federal OSHA,TX,KATY,1089 RIVER ROCK CIRCLE,77493,5107.0,1,Repeat,2026-06-23T00:00:00,348973587,https://www.osha.gov/ords/imis/establishment.inspection_detail?id=348973587
JC&G CONSTRUCTION LLC,4,Roofing,238160,Federal OSHA,TX,THE WOODLANDS,4775 W. PANTHER CREEK DR,77381,2838.0,1,Serious,2026-06-09T00:00:00,348919648,https://www.osha.gov/ords/imis/establishment.inspection_detail?id=348919648
ANGEL ROCHA,4,Roofing,238160,Federal OSHA,TX,CYPRESS,21515 DRUMMOND COVE,77433,3972.0,1,Serious,2026-06-05T00:00:00,348787037,https://www.osha.gov/ords/imis/establishment.inspection_detail?id=348787037
EVER JOSUE TROCHEZ,5,Roofing,238160,Federal OSHA,TX,CONROE,11300 IH 45 SOUTH,77304,2838.0,1,Serious,2026-06-05T00:00:00,348919978,https://www.osha.gov/ords/imis/establishment.inspection_detail?id=348919978
SERGIO CORTES,2,Roofing,238160,Federal OSHA,TX,WILLIS,11626 RUFFIAN DRIVE,77318,5676.0,2,Serious,2026-06-02T00:00:00,348917147,https://www.osha.gov/ords/imis/establishment.inspection_detail?id=348917147
JADE WELL PROPERTY SERVICES INC.,8,Roofing,238160,Federal OSHA,TX,TEXAS CITY,2310 FM 2004,77591,2298.0,5,Serious,2026-05-12T00:00:00,348771874,https://www.osha.gov/ords/imis/establishment.inspection_detail?id=348771874
MIRANDA'S ROOFING LLC,2,Roofing,238160,Federal OSHA,TX,IOWA COLONY,11315 SOUTHWOOD,77583,12769.0,2,Repeat/Serious,2026-05-07T00:00:00,348737917,https://www.osha.gov/ords/imis/establishment.inspection_detail?id=348737917
"TEXAS GULF COAST BUILDING SERVICES, LLC",5,Roofing,238160,Federal OSHA,TX,SPRING,21426 SPRING WEST DR.,77388,3065.0,4,Serious,2026-04-28T00:00:00,348698846,https://www.osha.gov/ords/imis/establishment.inspection_detail?id=348698846
SHIELD TECH ROOFING LLC,2,Roofing,238160,Federal OSHA,TX,TODD MISSION,2138 MULLER LANE,77363,7094.0,3,Serious/Other,2026-04-21T00:00:00,348837733,https://www.osha.gov/ords/imis/establishment.inspection_detail?id=348837733
BERNARDO TRUJILLO CASTRO,2,Roofing,238160,Federal OSHA,TX,CYPRESS,20035 SUNSET SERENADE TRL,77433,20428.0,3,Repeat/Serious,2026-04-17T00:00:00,348837667,https://www.osha.gov/ords/imis/establishment.inspection_detail?id=348837667
JOVANI ALONSO,4,Roofing,238160,Federal OSHA,TX,KATY,7002 QUAKER MEADOWS DR.,77493,24685.0,3,Repeat/Serious,2026-04-13T00:00:00,348794793,https://www.osha.gov/ords/imis/establishment.inspection_detail?id=348794793
"BARRIGA ENTERPRISES, INC.",3,Roofing,238160,Federal OSHA,TX,RICHMOND,3231 HARVEST BOUNTY DRIVE,77406,3473.0,2,Serious,2026-04-13T00:00:00,348836347,https://www.osha.gov/ords/imis/establishment.inspection_detail?id=348836347
COLLINS ROOFING INC.,5,Roofing,238160,Federal OSHA,TX,HUMBLE,5970 NORTH SAM HOUSTON PARKWAY EAST (INCIDENT ADDRESS) 15100 LEE RD. (CONTRACTED ADDRESS),77396,10427.0,1,Other,2026-04-07T00:00:00,348800327,https://www.osha.gov/ords/imis/establishment.inspection_detail?id=348800327
ELIAS CANTU GARCIA,3,Roofing,238160,Federal OSHA,TX,CYPRESS,19902 JADE JUNCTION WAY,77433,5676.0,2,Serious,2026-03-30T00:00:00,348761867,https://www.osha.gov/ords/imis/establishment.inspection_detail?id=348761867
ARNALDO PORTILLO-ALFARO,17,Roofing,238160,Federal OSHA,TX,SPRING,24011 RICHARDS RD. BLDG. 1 & 2,77386,7944.0,3,Serious/Other,2026-03-25T00:00:00,348677303,https://www.osha.gov/ords/imis/establishment.inspection_detail?id=348677303
"RIDGELINE CONTRACTORS, INC.",3,Roofing,238160,Federal OSHA,TX,CONROE,323 PARLIN,77303,130539.0,5,Repeat/Other,2026-03-12T00:00:00,348512138,https://www.osha.gov/ords/imis/establishment.inspection_detail?id=348512138
B A ROOFING SOLUTIONS,8,Roofing,238160,Federal OSHA,TX,CYPRESS,18015 IVORY CROSSING,77433,9930.0,2,Serious,2026-02-19T00:00:00,348482308,https://www.osha.gov/ords/imis/establishment.inspection_detail?id=348482308
"INTEGRITY STORM EXPERTS & RESTORATION, INC.",9,Roofing,238160,Federal OSHA,TX,CYPRESS,18015 IVORY CROSSING,77433,5958.0,2,Serious,2026-02-19T00:00:00,348482431,https://www.osha.gov/ords/imis/establishment.inspection_detail?id=348482431
RONALD LOPEZ,1,Roofing,238160,Federal OSHA,TX,MONTGOMERY,10239 BURTON PATH,77316,12059.0,3,Serious,2026-02-17T00:00:00,348503103,https://www.osha.gov/ords/imis/establishment.inspection_detail?id=348503103
ARMANDO PEREZ,4,Roofing,238160,Federal OSHA,TX,MONTGOMERY,1746 DUMAS ST,77316,19860.0,2,Repeat,2026-02-13T00:00:00,348520339,https://www.osha.gov/ords/imis/establishment.inspection_detail?id=348520339
ALVARO REYNA,2,Roofing,238160,Federal OSHA,TX,KATY,25003 BISON CREEK LOOP,77493,38303.0,2,Repeat,2026-01-28T00:00:00,348515263,https://www.osha.gov/ords/imis/establishment.inspection_detail?id=348515263
MELVIN GALINDO NAVARRO MIRANDA,1,Roofing,238160,Federal OSHA,TX,MONTGOMERY,1915 LANGFORD ST.,77316,5959.0,1,Repeat,2026-01-26T00:00:00,348503541,https://www.osha.gov/ords/imis/establishment.inspection_detail?id=348503541
GONZALO GOMEZ,3,Roofing,238160,Federal OSHA,TX,KATY,3033 WILD FOX DR.,77493,8512.0,2,Serious,2026-01-23T00:00:00,348503418,https://www.osha.gov/ords/imis/establishment.inspection_detail?id=348503418
NICOLAS MARTINEZ-APARICIO,3,Roofing,238160,Federal OSHA,TX,CONROE,140 SILVERBOW CREEK WAY,77304,2838.0,2,Serious,2026-01-14T00:00:00,348510645,https://www.osha.gov/ords/imis/establishment.inspection_detail?id=348510645
IRIS CONSEPCION CORTES,1,Roofing,238160,Federal OSHA,TX,MONTGOMERY,1002 LOST WAGON,77356,3547.0,1,Serious,2025-12-16T00:00:00,348522178,https://www.osha.gov/ords/imis/establishment.inspection_detail?id=348522178
SALVADOR GOMEZ,5,Roofing,238160,Federal OSHA,TX,ARCOLA,7711 BRUSHWOOD DR,77583,1700.0,2,Serious,2025-09-23T00:00:00,348480559,https://www.osha.gov/ords/imis/establishment.inspection_detail?id=348480559
